[
    {
        "imageUrl": "https://rukminim1.flixcart.com/image/612/612/xif0q/sari/6/t/z/free-sequined-embroidered-saree-granthva-fab-unstitched-original-imaggsq6b4y2adwk.jpeg?q=70",
        "brand": "PRATHAM BLUE",
        "title": "Embroidered Bollywood Georgette Saree",
        "color": "Purple",
        "discountedPrice": 699,
        "price": 1999,
        "discountPersent": 65,
        "size": [
            {
              "name": "S",
              "quantity": 20
            },
            {
              "name": "M",
              "quantity": 30
            },
            {
              "name": "L",
              "quantity": 50
            }
          ],
          "quantity": 100,
          "topLavelCategory": "Women",
          "secondLavelCategory": "Clothing",
          "thirdLavelCategory": "women_saree",
          "description":"A traditional garment embodying elegance and grace. Crafted from fine fabrics, it features intricate embroidery and a relaxed fit, providing comfort and style."
    },
    {
        "imageUrl": "https://rukminim1.flixcart.com/image/612/612/xif0q/sari/3/j/n/free-silver-gulab-banaras-silk-palace-unstitched-original-imagz2zy2uyj6tp5.jpeg?q=70",
        "brand": "Banaras silk palace",
        "title": "Woven Banarasi Tissue Saree",
        "color": "Pink",
        "discountedPrice": 699,
        "price": 1999,
        "discountPersent": 65,
        "size": [
            {
              "name": "S",
              "quantity": 20
            },
            {
              "name": "M",
              "quantity": 30
            },
            {
              "name": "L",
              "quantity": 50
            }
          ],
          "quantity": 100,
          "topLavelCategory": "Women",
          "secondLavelCategory": "Clothing",
          "thirdLavelCategory": "women_saree",
          "description":"A traditional garment embodying elegance and grace. Crafted from fine fabrics, it features intricate embroidery and a relaxed fit, providing comfort and style."
    },
    {
        "imageUrl": "https://rukminim1.flixcart.com/image/612/612/xif0q/sari/z/x/e/free-saree-with-georgette-fabric-sada-sobhagyavati-bhav-with-original-imagjnurkkccy8kg.jpeg?q=70",
        "brand": "Qwarty",
        "title": "Polka Print, Embroidered, Self Design Bandhani\n                          Georgett...",
        "color": "Red",
        "discountedPrice": 699,
        "price": 1999,
        "discountPersent": 65,
        "size": [
            {
              "name": "S",
              "quantity": 20
            },
            {
              "name": "M",
              "quantity": 30
            },
            {
              "name": "L",
              "quantity": 50
            }
          ],
          "quantity": 100,
          "topLavelCategory": "Women",
          "secondLavelCategory": "Clothing",
          "thirdLavelCategory": "women_saree",
          "description":"A traditional garment embodying elegance and grace. Crafted from fine fabrics, it features intricate embroidery and a relaxed fit, providing comfort and style."
    },
    {
        "imageUrl": "https://rukminim1.flixcart.com/image/612/612/xif0q/sari/v/p/3/free-prathna-om-vastra-fab-unstitched-original-imaghmwuprfjubfn.jpeg?q=70",
        "brand": "Rarebeauty",
        "title": "Embroidered Bollywood Georgette Saree",
        "color": "Black",
        "discountedPrice": 699,
        "price": 1999,
        "discountPersent": 65,
        "size": [
            {
              "name": "S",
              "quantity": 20
            },
            {
              "name": "M",
              "quantity": 30
            },
            {
              "name": "L",
              "quantity": 50
            }
          ],
          "quantity": 100,
          "topLavelCategory": "Women",
          "secondLavelCategory": "Clothing",
          "thirdLavelCategory": "women_saree",
          "description":"A traditional garment embodying elegance and grace. Crafted from fine fabrics, it features intricate embroidery and a relaxed fit, providing comfort and style."
    },
    {
        "imageUrl": "https://rukminim1.flixcart.com/image/612/612/xif0q/sari/s/u/t/free-matka-04-tejas-sarees-unstitched-original-imagj69c9yy4pcgh.jpeg?q=70",
        "brand": "Tejassarees",
        "title": "Embellished Bandhani Georgette Saree",
        "color": "Yellow",
        "discountedPrice": 699,
        "price": 1999,
        "discountPersent": 65,
        "size": [
            {
              "name": "S",
              "quantity": 20
            },
            {
              "name": "M",
              "quantity": 30
            },
            {
              "name": "L",
              "quantity": 50
            }
          ],
          "quantity": 100,
          "topLavelCategory": "Women",
          "secondLavelCategory": "Clothing",
          "thirdLavelCategory": "women_saree",
          "description":"A traditional garment embodying elegance and grace. Crafted from fine fabrics, it features intricate embroidery and a relaxed fit, providing comfort and style."
    },
    {
        "imageUrl": "https://rukminim1.flixcart.com/image/612/612/xif0q/sari/5/z/k/free-banarasi-saree-kalapushpi-unstitched-original-imagm5vz25z6fmuj.jpeg?q=70",
        "brand": "Kalapushpi",
        "title": "Self Design Banarasi Cotton Blend, Pure Silk Saree",
        "color": "Maroon",
        "discountedPrice": 699,
        "price": 1999,
        "discountPersent": 65,
        "size": [
            {
              "name": "S",
              "quantity": 20
            },
            {
              "name": "M",
              "quantity": 30
            },
            {
              "name": "L",
              "quantity": 50
            }
          ],
          "quantity": 100,
          "topLavelCategory": "Women",
          "secondLavelCategory": "Clothing",
          "thirdLavelCategory": "women_saree",
          "description":"A traditional garment embodying elegance and grace. Crafted from fine fabrics, it features intricate embroidery and a relaxed fit, providing comfort and style."
    },
    {
        "imageUrl": "https://rukminim1.flixcart.com/image/612/612/k7c88sw0/sari/j/z/y/free-ladli-krishna-r-fashion-original-imafphxuxmkutnt8.jpeg?q=70",
        "brand": "Krishna R fashion",
        "title": "Woven Bollywood Georgette, Cotton Silk Saree",
        "color": "Pink, Beige",
        "discountedPrice": 699,
        "price": 1999,
        "discountPersent": 65,
        "size": [
            {
              "name": "S",
              "quantity": 20
            },
            {
              "name": "M",
              "quantity": 30
            },
            {
              "name": "L",
              "quantity": 50
            }
          ],
          "quantity": 100,
          "topLavelCategory": "Women",
          "secondLavelCategory": "Clothing",
          "thirdLavelCategory": "women_saree",
          "description":"A traditional garment embodying elegance and grace. Crafted from fine fabrics, it features intricate embroidery and a relaxed fit, providing comfort and style."
    },
    {
        "imageUrl": "https://rukminim1.flixcart.com/image/612/612/k4hcjgw0/sari/k/n/g/free-10068-h-shaibo-saree-original-imafndx6y8nqcefx.jpeg?q=70",
        "brand": "Shaibo saree",
        "title": "Checkered Bollywood Cotton Silk Saree",
        "color": "Pack of 2, Multicolor",
        "discountedPrice": 699,
        "price": 1999,
        "discountPersent": 65,
        "size": [
            {
              "name": "S",
              "quantity": 20
            },
            {
              "name": "M",
              "quantity": 30
            },
            {
              "name": "L",
              "quantity": 50
            }
          ],
          "quantity": 100,
          "topLavelCategory": "Women",
          "secondLavelCategory": "Clothing",
          "thirdLavelCategory": "women_saree",
          "description":"A traditional garment embodying elegance and grace. Crafted from fine fabrics, it features intricate embroidery and a relaxed fit, providing comfort and style."
    },
    {
        "imageUrl": "https://rukminim1.flixcart.com/image/612/612/xif0q/sari/t/x/0/free-prathna-om-vastra-fab-unstitched-original-imag773gmebcc9md.jpeg?q=70",
        "brand": "Rarebeauty",
        "title": "Embroidered Bollywood Georgette Saree",
        "color": "Blue",
        "discountedPrice": 699,
        "price": 1999,
        "discountPersent": 65,
        "size": [
            {
              "name": "S",
              "quantity": 20
            },
            {
              "name": "M",
              "quantity": 30
            },
            {
              "name": "L",
              "quantity": 50
            }
          ],
          "quantity": 100,
          "topLavelCategory": "Women",
          "secondLavelCategory": "Clothing",
          "thirdLavelCategory": "women_saree",
          "description":"A traditional garment embodying elegance and grace. Crafted from fine fabrics, it features intricate embroidery and a relaxed fit, providing comfort and style."
    },
    {
        "imageUrl": "https://rukminim1.flixcart.com/image/612/612/kzvlua80/sari/7/s/l/free-sds0030-sadika-unstitched-original-imagbsg4na5x3gfn.jpeg?q=70",
        "brand": "MATRUCHHAYA",
        "title": "Embroidered, Woven Daily Wear Georgette Saree",
        "color": "Grey",
        "discountedPrice": 699,
        "price": 1999,
        "discountPersent": 65,
        "size": [
            {
              "name": "S",
              "quantity": 20
            },
            {
              "name": "M",
              "quantity": 30
            },
            {
              "name": "L",
              "quantity": 50
            }
          ],
          "quantity": 100,
          "topLavelCategory": "Women",
          "secondLavelCategory": "Clothing",
          "thirdLavelCategory": "women_saree",
          "description":"A traditional garment embodying elegance and grace. Crafted from fine fabrics, it features intricate embroidery and a relaxed fit, providing comfort and style."
    },
    {
        "imageUrl": "https://rukminim1.flixcart.com/image/612/612/xif0q/sari/g/m/i/free-60-gram-gulab-saree-adirotz-unstitched-original-imagz88maq2psggy.jpeg?q=70",
        "brand": "Adirotz",
        "title": "Embroidered Bollywood Georgette Saree",
        "color": "Magenta",
        "discountedPrice": 699,
        "price": 1999,
        "discountPersent": 65,
        "size": [
            {
              "name": "S",
              "quantity": 20
            },
            {
              "name": "M",
              "quantity": 30
            },
            {
              "name": "L",
              "quantity": 50
            }
          ],
          "quantity": 100,
          "topLavelCategory": "Women",
          "secondLavelCategory": "Clothing",
          "thirdLavelCategory": "women_saree",
          "description":"A traditional garment embodying elegance and grace. Crafted from fine fabrics, it features intricate embroidery and a relaxed fit, providing comfort and style."
    },
    {
        "imageUrl": "https://rukminim1.flixcart.com/image/612/612/l3xcr680/sari/o/h/t/free-if-rgtg-red-pisara-unstitched-original-imagexza4cnczdzj.jpeg?q=70",
        "brand": "Pisara",
        "title": "Woven Bollywood Organza Saree",
        "color": "Multicolor",
        "discountedPrice": 699,
        "price": 1999,
        "discountPersent": 65,
        "size": [
            {
              "name": "S",
              "quantity": 20
            },
            {
              "name": "M",
              "quantity": 30
            },
            {
              "name": "L",
              "quantity": 50
            }
          ],
          "quantity": 100,
          "topLavelCategory": "Women",
          "secondLavelCategory": "Clothing",
          "thirdLavelCategory": "women_saree",
          "description":"A traditional garment embodying elegance and grace. Crafted from fine fabrics, it features intricate embroidery and a relaxed fit, providing comfort and style."
    },
    {
        "imageUrl": "https://rukminim1.flixcart.com/image/612/612/xif0q/sari/w/5/n/free-pattu-saree-ejoty-fashion-unstitched-original-imag4abzywzyk5ry-bb.jpeg?q=70",
        "brand": "Ejoty Fashion",
        "title": "Floral Print Bollywood Lycra Blend Saree",
        "color": "Black",
        "discountedPrice": 699,
        "price": 1999,
        "discountPersent": 65,
        "size": [
            {
              "name": "S",
              "quantity": 20
            },
            {
              "name": "M",
              "quantity": 30
            },
            {
              "name": "L",
              "quantity": 50
            }
          ],
          "quantity": 100,
          "topLavelCategory": "Women",
          "secondLavelCategory": "Clothing",
          "thirdLavelCategory": "women_saree",
          "description":"A traditional garment embodying elegance and grace. Crafted from fine fabrics, it features intricate embroidery and a relaxed fit, providing comfort and style."
    },
    {
        "imageUrl": "https://rukminim1.flixcart.com/image/612/612/xif0q/sari/7/i/7/free-sari-onestacreation-stitched-original-imagk7kgquderuqk.jpeg?q=70",
        "brand": "ShiVAdit Ethnic",
        "title": "Embroidered, Self Design, Applique Banarasi Art Silk,\n                          N...",
        "color": "Black",
        "discountedPrice": 699,
        "price": 1999,
        "discountPersent": 65,
        "size": [
            {
              "name": "S",
              "quantity": 20
            },
            {
              "name": "M",
              "quantity": 30
            },
            {
              "name": "L",
              "quantity": 50
            }
          ],
          "quantity": 100,
          "topLavelCategory": "Women",
          "secondLavelCategory": "Clothing",
          "thirdLavelCategory": "women_saree",
          "description":"A traditional garment embodying elegance and grace. Crafted from fine fabrics, it features intricate embroidery and a relaxed fit, providing comfort and style."
    },
    {
        "imageUrl": "https://rukminim1.flixcart.com/image/612/612/l0zm64w0/sari/x/l/p/free-mc-50-rani-kartvya-unstitched-original-imagcnksmzyktamm.jpeg?q=70",
        "brand": "Kartvya",
        "title": "Woven Kanjivaram Jacquard, Pure Silk Saree",
        "color": "Pink",
        "discountedPrice": 699,
        "price": 1999,
        "discountPersent": 65,
        "size": [
            {
              "name": "S",
              "quantity": 20
            },
            {
              "name": "M",
              "quantity": 30
            },
            {
              "name": "L",
              "quantity": 50
            }
          ],
          "quantity": 100,
          "topLavelCategory": "Women",
          "secondLavelCategory": "Clothing",
          "thirdLavelCategory": "women_saree",
          "description":"A traditional garment embodying elegance and grace. Crafted from fine fabrics, it features intricate embroidery and a relaxed fit, providing comfort and style."
    },
    {
        "imageUrl": "https://rukminim1.flixcart.com/image/612/612/xif0q/sari/n/5/n/free-2739s251-samah-unstitched-original-imagzj99zuqvmcg6.jpeg?q=70",
        "brand": "Samah",
        "title": "Printed, Geometric Print, Embellished Daily Wear\n                          Lycra ...",
        "color": "Black",
        "discountedPrice": 699,
        "price": 1999,
        "discountPersent": 65,
        "size": [
            {
              "name": "S",
              "quantity": 20
            },
            {
              "name": "M",
              "quantity": 30
            },
            {
              "name": "L",
              "quantity": 50
            }
          ],
          "quantity": 100,
          "topLavelCategory": "Women",
          "secondLavelCategory": "Clothing",
          "thirdLavelCategory": "women_saree",
          "description":"A traditional garment embodying elegance and grace. Crafted from fine fabrics, it features intricate embroidery and a relaxed fit, providing comfort and style."
    },
    {
        "imageUrl": "https://rukminim1.flixcart.com/image/612/612/xif0q/sari/6/r/h/free-sequencee-blackk-radadiyatrd-unstitched-original-imagz4yqwa2vschj.jpeg?q=70",
        "brand": "RadadiyaTRD",
        "title": "Self Design Bollywood Georgette, Cotton Silk Saree",
        "color": "Black",
        "discountedPrice": 699,
        "price": 1999,
        "discountPersent": 65,
        "size": [
            {
              "name": "S",
              "quantity": 20
            },
            {
              "name": "M",
              "quantity": 30
            },
            {
              "name": "L",
              "quantity": 50
            }
          ],
          "quantity": 100,
          "topLavelCategory": "Women",
          "secondLavelCategory": "Clothing",
          "thirdLavelCategory": "women_saree",
          "description":"A traditional garment embodying elegance and grace. Crafted from fine fabrics, it features intricate embroidery and a relaxed fit, providing comfort and style."
    },
    {
        "imageUrl": "https://rukminim1.flixcart.com/image/612/612/xif0q/sari/z/r/t/free-embellished-daily-wear-georgette-saree-black-famous-zone-original-imaghpqzthrass5u.jpeg?q=70",
        "brand": "NAMRA TEX",
        "title": "Embellished Daily Wear Georgette Saree",
        "color": "Black",
        "discountedPrice": 699,
        "price": 1999,
        "discountPersent": 65,
        "size": [
            {
              "name": "S",
              "quantity": 20
            },
            {
              "name": "M",
              "quantity": 30
            },
            {
              "name": "L",
              "quantity": 50
            }
          ],
          "quantity": 100,
          "topLavelCategory": "Women",
          "secondLavelCategory": "Clothing",
          "thirdLavelCategory": "women_saree",
          "description":"A traditional garment embodying elegance and grace. Crafted from fine fabrics, it features intricate embroidery and a relaxed fit, providing comfort and style."
    },
    {
        "imageUrl": "https://rukminim1.flixcart.com/image/612/612/l1fc0i80/sari/8/b/s/free-sari-fabwoman-unstitched-original-imagcztprwg9dgvz.jpeg?q=70",
        "brand": "SNH EXPORT",
        "title": "Woven Banarasi Silk Blend Saree",
        "color": "Red",
        "discountedPrice": 699,
        "price": 1999,
        "discountPersent": 65,
        "size": [
            {
              "name": "S",
              "quantity": 20
            },
            {
              "name": "M",
              "quantity": 30
            },
            {
              "name": "L",
              "quantity": 50
            }
          ],
          "quantity": 100,
          "topLavelCategory": "Women",
          "secondLavelCategory": "Clothing",
          "thirdLavelCategory": "women_saree",
          "description":"A traditional garment embodying elegance and grace. Crafted from fine fabrics, it features intricate embroidery and a relaxed fit, providing comfort and style."
    },
    {
        "imageUrl": "https://rukminim1.flixcart.com/image/612/612/xif0q/saree-fall/l/e/2/medium-embroidered-daily-wear-art-silk-saree-yellow-angelarts-original-imag5cdh6xsfkgyy-bb.jpeg?q=70",
        "brand": "Disha Fashion",
        "title": "Embroidered Banarasi Art Silk Saree",
        "color": "Yellow",
        "discountedPrice": 699,
        "price": 1999,
        "discountPersent": 65,
        "size": [
            {
              "name": "S",
              "quantity": 20
            },
            {
              "name": "M",
              "quantity": 30
            },
            {
              "name": "L",
              "quantity": 50
            }
          ],
          "quantity": 100,
          "topLavelCategory": "Women",
          "secondLavelCategory": "Clothing",
          "thirdLavelCategory": "women_saree",
          "description":"A traditional garment embodying elegance and grace. Crafted from fine fabrics, it features intricate embroidery and a relaxed fit, providing comfort and style."
    },
    {
        "imageUrl": "https://rukminim1.flixcart.com/image/612/612/ksyz8280/sari/f/j/2/free-jlk-peacock-4-pink-ab-kayimi-unstitched-original-imag6f5jkgadnhgx.jpeg?q=70",
        "brand": "Kayimi",
        "title": "Printed Bollywood Art Silk Saree",
        "color": "Pink, Beige",
        "discountedPrice": 699,
        "price": 1999,
        "discountPersent": 65,
        "size": [
            {
              "name": "S",
              "quantity": 20
            },
            {
              "name": "M",
              "quantity": 30
            },
            {
              "name": "L",
              "quantity": 50
            }
          ],
          "quantity": 100,
          "topLavelCategory": "Women",
          "secondLavelCategory": "Clothing",
          "thirdLavelCategory": "women_saree",
          "description":"A traditional garment embodying elegance and grace. Crafted from fine fabrics, it features intricate embroidery and a relaxed fit, providing comfort and style."
    },
    {
        "imageUrl": "https://rukminim1.flixcart.com/image/612/612/xif0q/sari/x/g/i/free-fl-1199-jsitaliya-unstitched-original-imagc4q5csjac5bq-bb.jpeg?q=70",
        "brand": "JSItaliya",
        "title": "Self Design, Embroidered Bollywood Net Saree",
        "color": "White",
        "discountedPrice": 699,
        "price": 1999,
        "discountPersent": 65,
        "size": [
            {
              "name": "S",
              "quantity": 20
            },
            {
              "name": "M",
              "quantity": 30
            },
            {
              "name": "L",
              "quantity": 50
            }
          ],
          "quantity": 100,
          "topLavelCategory": "Women",
          "secondLavelCategory": "Clothing",
          "thirdLavelCategory": "women_saree",
          "description":"A traditional garment embodying elegance and grace. Crafted from fine fabrics, it features intricate embroidery and a relaxed fit, providing comfort and style."
    },
    {
        "imageUrl": "https://rukminim1.flixcart.com/image/612/612/krkyt8w0/saree-fall/f/n/0/medium-embroidered-daily-wear-art-silk-saree-maroon-angelarts-original-imag5ccj7yfkpv5b.jpeg?q=70",
        "brand": "Disha Fashion",
        "title": "Embroidered Banarasi Art Silk Saree",
        "color": "Maroon",
        "discountedPrice": 699,
        "price": 1999,
        "discountPersent": 65,
        "size": [
            {
              "name": "S",
              "quantity": 20
            },
            {
              "name": "M",
              "quantity": 30
            },
            {
              "name": "L",
              "quantity": 50
            }
          ],
          "quantity": 100,
          "topLavelCategory": "Women",
          "secondLavelCategory": "Clothing",
          "thirdLavelCategory": "women_saree",
          "description":"A traditional garment embodying elegance and grace. Crafted from fine fabrics, it features intricate embroidery and a relaxed fit, providing comfort and style."
    },
    {
        "imageUrl": "https://rukminim1.flixcart.com/image/612/612/xif0q/shopsy-sari/m/n/n/free-mineral-chiffon-aishwarya-unstitched-original-imaghd3e53zfgrzu.jpeg?q=70",
        "brand": "Aishwarya",
        "title": "Printed, Floral Print Daily Wear Chiffon Saree",
        "color": "Yellow",
        "discountedPrice": 699,
        "price": 1999,
        "discountPersent": 65,
        "size": [
            {
              "name": "S",
              "quantity": 20
            },
            {
              "name": "M",
              "quantity": 30
            },
            {
              "name": "L",
              "quantity": 50
            }
          ],
          "quantity": 100,
          "topLavelCategory": "Women",
          "secondLavelCategory": "Clothing",
          "thirdLavelCategory": "women_saree",
          "description":"A traditional garment embodying elegance and grace. Crafted from fine fabrics, it features intricate embroidery and a relaxed fit, providing comfort and style."
    },
    {
        "imageUrl": "https://rukminim1.flixcart.com/image/612/612/k7xnukw0/sari/e/8/d/free-khusi-krishna-r-fashion-unstitched-original-imafq22gfteg5gzh.jpeg?q=70",
        "brand": "Krishna R fashion",
        "title": "Woven Bollywood Jacquard Saree",
        "color": "Pink, Grey",
        "discountedPrice": 699,
        "price": 1999,
        "discountPersent": 65,
        "size": [
            {
              "name": "S",
              "quantity": 20
            },
            {
              "name": "M",
              "quantity": 30
            },
            {
              "name": "L",
              "quantity": 50
            }
          ],
          "quantity": 100,
          "topLavelCategory": "Women",
          "secondLavelCategory": "Clothing",
          "thirdLavelCategory": "women_saree",
          "description":"A traditional garment embodying elegance and grace. Crafted from fine fabrics, it features intricate embroidery and a relaxed fit, providing comfort and style."
    },
    {
        "imageUrl": "https://rukminim1.flixcart.com/image/612/612/kshtxu80/shopsy-sari/h/i/r/free-1077-red-dhnik-creation-unstitched-original-imag6fnkhgmmqzkx.jpeg?q=70",
        "brand": "Rarebeauty",
        "title": "Embroidered Bollywood Georgette Saree",
        "color": "Dark Blue",
        "discountedPrice": 699,
        "price": 1999,
        "discountPersent": 65,
        "size": [
            {
              "name": "S",
              "quantity": 20
            },
            {
              "name": "M",
              "quantity": 30
            },
            {
              "name": "L",
              "quantity": 50
            }
          ],
          "quantity": 100,
          "topLavelCategory": "Women",
          "secondLavelCategory": "Clothing",
          "thirdLavelCategory": "women_saree",
          "description":"A traditional garment embodying elegance and grace. Crafted from fine fabrics, it features intricate embroidery and a relaxed fit, providing comfort and style."
    },
    {
        "imageUrl": "https://rukminim1.flixcart.com/image/612/612/xif0q/sari/s/g/o/free-lfs-44-cream-lasfira-unstitched-original-imagzranmgc79zn2.jpeg?q=70",
        "brand": "LASFIRA",
        "title": "Self Design Banarasi Cotton Blend, Jacquard Saree",
        "color": "Cream",
        "discountedPrice": 699,
        "price": 1999,
        "discountPersent": 65,
        "size": [
            {
              "name": "S",
              "quantity": 20
            },
            {
              "name": "M",
              "quantity": 30
            },
            {
              "name": "L",
              "quantity": 50
            }
          ],
          "quantity": 100,
          "topLavelCategory": "Women",
          "secondLavelCategory": "Clothing",
          "thirdLavelCategory": "women_saree",
          "description":"A traditional garment embodying elegance and grace. Crafted from fine fabrics, it features intricate embroidery and a relaxed fit, providing comfort and style."
    },
    {
        "imageUrl": "https://rukminim1.flixcart.com/image/612/612/xif0q/sari/d/n/n/free-60-gram-gulab-saree-adirotz-unstitched-original-imagz88mju9uj3h7.jpeg?q=70",
        "brand": "Adirotz",
        "title": "Embroidered Bollywood Georgette Saree",
        "color": "Blue",
        "discountedPrice": 699,
        "price": 1999,
        "discountPersent": 65,
        "size": [
            {
              "name": "S",
              "quantity": 20
            },
            {
              "name": "M",
              "quantity": 30
            },
            {
              "name": "L",
              "quantity": 50
            }
          ],
          "quantity": 100,
          "topLavelCategory": "Women",
          "secondLavelCategory": "Clothing",
          "thirdLavelCategory": "women_saree",
          "description":"A traditional garment embodying elegance and grace. Crafted from fine fabrics, it features intricate embroidery and a relaxed fit, providing comfort and style."
    },
    {
        "imageUrl": "https://rukminim1.flixcart.com/image/612/612/xif0q/sari/b/b/w/free-braso2-o-combo-lorofy-unstitched-original-imagkymbfmjbfeqj.jpeg?q=70",
        "brand": "LOROFY",
        "title": "Self Design Bollywood Net Saree",
        "color": "Red",
        "discountedPrice": 699,
        "price": 1999,
        "discountPersent": 65,
        "size": [
            {
              "name": "S",
              "quantity": 20
            },
            {
              "name": "M",
              "quantity": 30
            },
            {
              "name": "L",
              "quantity": 50
            }
          ],
          "quantity": 100,
          "topLavelCategory": "Women",
          "secondLavelCategory": "Clothing",
          "thirdLavelCategory": "women_saree",
          "description":"A traditional garment embodying elegance and grace. Crafted from fine fabrics, it features intricate embroidery and a relaxed fit, providing comfort and style."
    },
    {
        "imageUrl": "https://rukminim1.flixcart.com/image/612/612/l4ln8nk0/sari/p/2/u/free-2535s934-samah-unstitched-original-imagfgq7pc2mc4vz.jpeg?q=70",
        "brand": "Samah",
        "title": "Printed, Geometric Print, Embellished Bhagalpuri Silk\n                          B...",
        "color": "Green, Pink",
        "discountedPrice": 699,
        "price": 1999,
        "discountPersent": 65,
        "size": [
            {
              "name": "S",
              "quantity": 20
            },
            {
              "name": "M",
              "quantity": 30
            },
            {
              "name": "L",
              "quantity": 50
            }
          ],
          "quantity": 100,
          "topLavelCategory": "Women",
          "secondLavelCategory": "Clothing",
          "thirdLavelCategory": "women_saree",
          "description":"A traditional garment embodying elegance and grace. Crafted from fine fabrics, it features intricate embroidery and a relaxed fit, providing comfort and style."
    },
    {
        "imageUrl": "https://rukminim1.flixcart.com/image/612/612/xif0q/sari/e/a/t/free-lfs-44-light-green-lasfira-unstitched-original-imagzrarausz9jef.jpeg?q=70",
        "brand": "LASFIRA",
        "title": "Self Design Banarasi Cotton Blend, Jacquard Saree",
        "color": "Light Green",
        "discountedPrice": 699,
        "price": 1999,
        "discountPersent": 65,
        "size": [
            {
              "name": "S",
              "quantity": 20
            },
            {
              "name": "M",
              "quantity": 30
            },
            {
              "name": "L",
              "quantity": 50
            }
          ],
          "quantity": 100,
          "topLavelCategory": "Women",
          "secondLavelCategory": "Clothing",
          "thirdLavelCategory": "women_saree",
          "description":"A traditional garment embodying elegance and grace. Crafted from fine fabrics, it features intricate embroidery and a relaxed fit, providing comfort and style."
    },
    {
        "imageUrl": "https://rukminim1.flixcart.com/image/612/612/ktep2fk0/sari/9/b/g/free-s-01-signagraph-unstitched-original-imag6raqrxtuhgkm.jpeg?q=70",
        "brand": "signagraph",
        "title": "Woven Banarasi Pure Silk, Satin Saree",
        "color": "Maroon",
        "discountedPrice": 699,
        "price": 1999,
        "discountPersent": 65,
        "size": [
            {
              "name": "S",
              "quantity": 20
            },
            {
              "name": "M",
              "quantity": 30
            },
            {
              "name": "L",
              "quantity": 50
            }
          ],
          "quantity": 100,
          "topLavelCategory": "Women",
          "secondLavelCategory": "Clothing",
          "thirdLavelCategory": "women_saree",
          "description":"A traditional garment embodying elegance and grace. Crafted from fine fabrics, it features intricate embroidery and a relaxed fit, providing comfort and style."
    },
    {
        "imageUrl": "https://rukminim1.flixcart.com/image/612/612/krkyt8w0/sari/y/p/v/free-wedding-saree-ecolors-fab-unstitched-original-imag5c8efuhrjz9t.jpeg?q=70",
        "brand": "Cartyshop",
        "title": "Embellished Bollywood Georgette, Art Silk Saree",
        "color": "Light Blue, Blue",
        "discountedPrice": 699,
        "price": 1999,
        "discountPersent": 65,
        "size": [
            {
              "name": "S",
              "quantity": 20
            },
            {
              "name": "M",
              "quantity": 30
            },
            {
              "name": "L",
              "quantity": 50
            }
          ],
          "quantity": 100,
          "topLavelCategory": "Women",
          "secondLavelCategory": "Clothing",
          "thirdLavelCategory": "women_saree",
          "description":"A traditional garment embodying elegance and grace. Crafted from fine fabrics, it features intricate embroidery and a relaxed fit, providing comfort and style."
    },
    {
        "imageUrl": "https://rukminim1.flixcart.com/image/612/612/kflftzk0-0/sari/o/y/c/free-hitesh2series-fumvel-unstitched-original-imafwypg4fwky3a7.jpeg?q=70",
        "brand": "Jiyan Fashion Retail",
        "title": "Floral Print Bollywood Lycra Blend Saree",
        "color": "Maroon, Black",
        "discountedPrice": 699,
        "price": 1999,
        "discountPersent": 65,
        "size": [
            {
              "name": "S",
              "quantity": 20
            },
            {
              "name": "M",
              "quantity": 30
            },
            {
              "name": "L",
              "quantity": 50
            }
          ],
          "quantity": 100,
          "topLavelCategory": "Women",
          "secondLavelCategory": "Clothing",
          "thirdLavelCategory": "women_saree",
          "description":"A traditional garment embodying elegance and grace. Crafted from fine fabrics, it features intricate embroidery and a relaxed fit, providing comfort and style."
    },
    {
        "imageUrl": "https://rukminim1.flixcart.com/image/612/612/l3929ow0/sari/s/g/u/free-sds030-sadika-unstitched-original-imageev4hm7sxdbc.jpeg?q=70",
        "brand": "MATRUCHHAYA",
        "title": "Embroidered, Woven Daily Wear Georgette Saree",
        "color": "Yellow",
        "discountedPrice": 699,
        "price": 1999,
        "discountPersent": 65,
        "size": [
            {
              "name": "S",
              "quantity": 20
            },
            {
              "name": "M",
              "quantity": 30
            },
            {
              "name": "L",
              "quantity": 50
            }
          ],
          "quantity": 100,
          "topLavelCategory": "Women",
          "secondLavelCategory": "Clothing",
          "thirdLavelCategory": "women_saree",
          "description":"A traditional garment embodying elegance and grace. Crafted from fine fabrics, it features intricate embroidery and a relaxed fit, providing comfort and style."
    },
    {
        "imageUrl": "https://rukminim1.flixcart.com/image/612/612/xif0q/sari/e/u/x/free-silk-samruddhi-unstitched-original-imagg9f2cagzstgz.jpeg?q=70",
        "brand": "samruddhi",
        "title": "Woven Kanjivaram Pure Silk Saree",
        "color": "Red",
        "discountedPrice": 699,
        "price": 1999,
        "discountPersent": 65,
        "size": [
            {
              "name": "S",
              "quantity": 20
            },
            {
              "name": "M",
              "quantity": 30
            },
            {
              "name": "L",
              "quantity": 50
            }
          ],
          "quantity": 100,
          "topLavelCategory": "Women",
          "secondLavelCategory": "Clothing",
          "thirdLavelCategory": "women_saree",
          "description":"A traditional garment embodying elegance and grace. Crafted from fine fabrics, it features intricate embroidery and a relaxed fit, providing comfort and style."
    },
    {
        "imageUrl": "https://rukminim1.flixcart.com/image/612/612/ksyz8280/sari/3/h/m/free-jlk-peacock-4-red-ab-kayimi-unstitched-original-imag6f5jqghhxdpr.jpeg?q=70",
        "brand": "Kayimi",
        "title": "Printed Bollywood Art Silk Saree",
        "color": "Red, Beige",
        "discountedPrice": 699,
        "price": 1999,
        "discountPersent": 65,
        "size": [
            {
              "name": "S",
              "quantity": 20
            },
            {
              "name": "M",
              "quantity": 30
            },
            {
              "name": "L",
              "quantity": 50
            }
          ],
          "quantity": 100,
          "topLavelCategory": "Women",
          "secondLavelCategory": "Clothing",
          "thirdLavelCategory": "women_saree",
          "description":"A traditional garment embodying elegance and grace. Crafted from fine fabrics, it features intricate embroidery and a relaxed fit, providing comfort and style."
    },
    {
        "imageUrl": "https://rukminim1.flixcart.com/image/612/612/xif0q/sari/8/9/s/free-lfs-60-light-pink-lasfira-unstitched-original-imagnas2g6yhuscx.jpeg?q=70",
        "brand": "LASFIRA",
        "title": "Self Design Banarasi Jacquard Saree",
        "color": "Pink",
        "discountedPrice": 699,
        "price": 1999,
        "discountPersent": 65,
        "size": [
            {
              "name": "S",
              "quantity": 20
            },
            {
              "name": "M",
              "quantity": 30
            },
            {
              "name": "L",
              "quantity": 50
            }
          ],
          "quantity": 100,
          "topLavelCategory": "Women",
          "secondLavelCategory": "Clothing",
          "thirdLavelCategory": "women_saree",
          "description":"A traditional garment embodying elegance and grace. Crafted from fine fabrics, it features intricate embroidery and a relaxed fit, providing comfort and style."
    },
    {
        "imageUrl": "https://rukminim1.flixcart.com/image/612/612/kxaq7ww0/sari/o/k/q/free-grey-1692-6-kashvi-sarees-unstitched-original-imag9s7ggsjw2gcn.jpeg?q=70",
        "brand": "Anand Sarees",
        "title": "Printed, Striped Daily Wear Georgette Saree",
        "color": "White, Black",
        "discountedPrice": 699,
        "price": 1999,
        "discountPersent": 65,
        "size": [
            {
              "name": "S",
              "quantity": 20
            },
            {
              "name": "M",
              "quantity": 30
            },
            {
              "name": "L",
              "quantity": 50
            }
          ],
          "quantity": 100,
          "topLavelCategory": "Women",
          "secondLavelCategory": "Clothing",
          "thirdLavelCategory": "women_saree",
          "description":"A traditional garment embodying elegance and grace. Crafted from fine fabrics, it features intricate embroidery and a relaxed fit, providing comfort and style."
    },
    {
        "imageUrl": "https://rukminim1.flixcart.com/image/612/612/kqgyhe80/sari/z/j/t/free-greyt-1152-1-kashvi-sarees-unstitched-original-imag4h6mft9kydgv.jpeg?q=70",
        "brand": "Anand Sarees",
        "title": "Printed, Floral Print Daily Wear Georgette Saree",
        "color": "Red",
        "discountedPrice": 699,
        "price": 1999,
        "discountPersent": 65,
        "size": [
            {
              "name": "S",
              "quantity": 20
            },
            {
              "name": "M",
              "quantity": 30
            },
            {
              "name": "L",
              "quantity": 50
            }
          ],
          "quantity": 100,
          "topLavelCategory": "Women",
          "secondLavelCategory": "Clothing",
          "thirdLavelCategory": "women_saree",
          "description":"A traditional garment embodying elegance and grace. Crafted from fine fabrics, it features intricate embroidery and a relaxed fit, providing comfort and style."
    }
]